<?xml version="1.0" encoding="utf-8" standalone="yes" ?>
<rss version="2.0" xmlns:atom="http://www.w3.org/2005/Atom">
  <channel>
    <title>Article | Hugo Academic CV Theme</title>
    <link>http://localhost:1313/publication_types/article/</link>
      <atom:link href="http://localhost:1313/publication_types/article/index.xml" rel="self" type="application/rss+xml" />
    <description>Article</description>
    <generator>Hugo Blox Builder (https://hugoblox.com)</generator><language>en-us</language><lastBuildDate>Sun, 07 Apr 2019 00:00:00 +0000</lastBuildDate>
    <image>
      <url>http://localhost:1313/media/icon_hu7729264130191091259.png</url>
      <title>Article</title>
      <link>http://localhost:1313/publication_types/article/</link>
    </image>
    
    <item>
      <title>An example preprint / working paper</title>
      <link>http://localhost:1313/publication/preprint/</link>
      <pubDate>Sun, 07 Apr 2019 00:00:00 +0000</pubDate>
      <guid>http://localhost:1313/publication/preprint/</guid>
      <description>&lt;p&gt;This work is driven by the results in my &lt;a href=&#34;http://localhost:1313/publication/conference-paper/&#34;&gt;previous paper&lt;/a&gt; on LLMs.&lt;/p&gt;
&lt;div class=&#34;flex px-4 py-3 mb-6 rounded-md bg-primary-100 dark:bg-primary-900&#34;&gt;
&lt;span class=&#34;pr-3 pt-1 text-primary-600 dark:text-primary-300&#34;&gt;
  &lt;svg height=&#34;24&#34; xmlns=&#34;http://www.w3.org/2000/svg&#34; viewBox=&#34;0 0 24 24&#34;&gt;&lt;path fill=&#34;none&#34; stroke=&#34;currentColor&#34; stroke-linecap=&#34;round&#34; stroke-linejoin=&#34;round&#34; stroke-width=&#34;1.5&#34; d=&#34;m11.25 11.25l.041-.02a.75.75 0 0 1 1.063.852l-.708 2.836a.75.75 0 0 0 1.063.853l.041-.021M21 12a9 9 0 1 1-18 0a9 9 0 0 1 18 0m-9-3.75h.008v.008H12z&#34;/&gt;&lt;/svg&gt;
&lt;/span&gt;
  &lt;span class=&#34;dark:text-neutral-300&#34;&gt;Create your slides in Markdown - click the &lt;em&gt;Slides&lt;/em&gt; button to check out the example.&lt;/span&gt;
&lt;/div&gt;
&lt;p&gt;Add the publication&amp;rsquo;s &lt;strong&gt;full text&lt;/strong&gt; or &lt;strong&gt;supplementary notes&lt;/strong&gt; here. You can use rich formatting such as including &lt;a href=&#34;https://docs.hugoblox.com/content/writing-markdown-latex/&#34; target=&#34;_blank&#34; rel=&#34;noopener&#34;&gt;code, math, and images&lt;/a&gt;.&lt;/p&gt;
</description>
    </item>
    
  </channel>
</rss>
