<?xml version="1.0" encoding="utf-8" standalone="yes" ?>
<rss version="2.0" xmlns:atom="http://www.w3.org/2005/Atom">
  <channel>
    <title>Second Brain | Hugo Academic CV Theme</title>
    <link>http://localhost:1313/tags/second-brain/</link>
      <atom:link href="http://localhost:1313/tags/second-brain/index.xml" rel="self" type="application/rss+xml" />
    <description>Second Brain</description>
    <generator>Hugo Blox Builder (https://hugoblox.com)</generator><language>en-us</language><lastBuildDate>Thu, 26 Oct 2023 00:00:00 +0000</lastBuildDate>
    <image>
      <url>http://localhost:1313/media/icon_hu7729264130191091259.png</url>
      <title>Second Brain</title>
      <link>http://localhost:1313/tags/second-brain/</link>
    </image>
    
    <item>
      <title>🧠 Sharpen your thinking with a second brain</title>
      <link>http://localhost:1313/post/second-brain/</link>
      <pubDate>Thu, 26 Oct 2023 00:00:00 +0000</pubDate>
      <guid>http://localhost:1313/post/second-brain/</guid>
      <description>&lt;p&gt;Create a personal knowledge base and share your knowledge with your peers.&lt;/p&gt;
&lt;p&gt;Hugo Blox web framework empowers you with one of the most flexible note-taking capabilities out there.&lt;/p&gt;
&lt;p&gt;Create a powerful knowledge base that works on top of a local folder of plain text Markdown files.&lt;/p&gt;
&lt;p&gt;Use it as your second brain, either publicly sharing your knowledge with your peers via your website, or via a private GitHub repository and password-protected site just for yourself.&lt;/p&gt;
&lt;h2 id=&#34;mindmaps&#34;&gt;Mindmaps&lt;/h2&gt;
&lt;p&gt;Hugo Blox supports a Markdown extension for mindmaps.&lt;/p&gt;
&lt;p&gt;With this open format, can even edit your mindmaps in other popular tools such as Obsidian.&lt;/p&gt;
&lt;p&gt;Simply insert a Markdown code block labelled as &lt;code&gt;markmap&lt;/code&gt; and optionally set the height of the mindmap as shown in the example below.&lt;/p&gt;
&lt;p&gt;Mindmaps can be created by simply writing the items as a Markdown list within the &lt;code&gt;markmap&lt;/code&gt; code block, indenting each item to create as many sub-levels as you need:&lt;/p&gt;
&lt;div class=&#34;highlight&#34;&gt;
&lt;pre class=&#34;chroma&#34;&gt;
&lt;code&gt;
```markmap {height=&#34;200px&#34;}
- Hugo Modules
  - Hugo Blox
  - blox-plugins-netlify
  - blox-plugins-netlify-cms
  - blox-plugins-reveal
```
&lt;/code&gt;
&lt;/pre&gt;
&lt;/div&gt;
&lt;p&gt;renders as&lt;/p&gt;
&lt;div class=&#34;markmap&#34; style=&#34;height: 200px;&#34;&gt;

&lt;pre&gt;- Hugo Modules
  - Hugo Blox
  - blox-plugins-netlify
  - blox-plugins-netlify-cms
  - blox-plugins-reveal&lt;/pre&gt;
&lt;/div&gt;

&lt;p&gt;Anh here&amp;rsquo;s a more advanced mindmap with formatting, code blocks, and math:&lt;/p&gt;
&lt;div class=&#34;highlight&#34;&gt;
&lt;pre class=&#34;chroma&#34;&gt;
&lt;code&gt;
```markmap
- Mindmaps
  - Links
    - [Hugo Blox Docs](https://docs.hugoblox.com/)
    - [Discord Community](https://discord.gg/z8wNYzb)
    - [GitHub](https://github.com/HugoBlox/hugo-blox-builder)
  - Features
    - Markdown formatting
    - **inline** ~~text~~ *styles*
    - multiline
      text
    - `inline code`
    -
      ```js
      console.log(&#39;hello&#39;);
      console.log(&#39;code block&#39;);
      ```
    - Math: $x = {-b \pm \sqrt{b^2-4ac} \over 2a}$
```
&lt;/code&gt;
&lt;/pre&gt;
&lt;/div&gt;
&lt;p&gt;renders as&lt;/p&gt;
&lt;div class=&#34;markmap&#34; style=&#34;height: 500px;&#34;&gt;

&lt;pre&gt;- Mindmaps
  - Links
    - [Hugo Blox Docs](https://docs.hugoblox.com/)
    - [Discord Community](https://discord.gg/z8wNYzb)
    - [GitHub](https://github.com/HugoBlox/hugo-blox-builder)
  - Features
    - Markdown formatting
    - **inline** ~~text~~ *styles*
    - multiline
      text
    - `inline code`
    -
      ```js
      console.log(&#39;hello&#39;);
      console.log(&#39;code block&#39;);
      ```
    - Math: $x = {-b \pm \sqrt{b^2-4ac} \over 2a}$&lt;/pre&gt;
&lt;/div&gt;

&lt;h2 id=&#34;highlighting&#34;&gt;Highlighting&lt;/h2&gt;
&lt;p&gt;&lt;mark&gt;Highlight&lt;/mark&gt; important text with &lt;code&gt;mark&lt;/code&gt;:&lt;/p&gt;
&lt;div class=&#34;highlight&#34;&gt;&lt;pre tabindex=&#34;0&#34; class=&#34;chroma&#34;&gt;&lt;code class=&#34;language-html&#34; data-lang=&#34;html&#34;&gt;&lt;span class=&#34;line&#34;&gt;&lt;span class=&#34;cl&#34;&gt;&lt;span class=&#34;p&#34;&gt;&amp;lt;&lt;/span&gt;&lt;span class=&#34;nt&#34;&gt;mark&lt;/span&gt;&lt;span class=&#34;p&#34;&gt;&amp;gt;&lt;/span&gt;Highlighted text&lt;span class=&#34;p&#34;&gt;&amp;lt;/&lt;/span&gt;&lt;span class=&#34;nt&#34;&gt;mark&lt;/span&gt;&lt;span class=&#34;p&#34;&gt;&amp;gt;&lt;/span&gt;
&lt;/span&gt;&lt;/span&gt;&lt;/code&gt;&lt;/pre&gt;&lt;/div&gt;&lt;h2 id=&#34;callouts&#34;&gt;Callouts&lt;/h2&gt;
&lt;p&gt;Use &lt;a href=&#34;https://docs.hugoblox.com/reference/markdown/#callouts&#34; target=&#34;_blank&#34; rel=&#34;noopener&#34;&gt;callouts&lt;/a&gt; (aka &lt;em&gt;asides&lt;/em&gt;, &lt;em&gt;hints&lt;/em&gt;, or &lt;em&gt;alerts&lt;/em&gt;) to draw attention to notes, tips, and warnings.&lt;/p&gt;
&lt;p&gt;By wrapping a paragraph in &lt;code&gt;{{% callout note %}} ... {{% /callout %}}&lt;/code&gt;, it will render as an aside.&lt;/p&gt;
&lt;div class=&#34;highlight&#34;&gt;&lt;pre tabindex=&#34;0&#34; class=&#34;chroma&#34;&gt;&lt;code class=&#34;language-markdown&#34; data-lang=&#34;markdown&#34;&gt;&lt;span class=&#34;line&#34;&gt;&lt;span class=&#34;cl&#34;&gt;{{% callout note %}}
&lt;/span&gt;&lt;/span&gt;&lt;span class=&#34;line&#34;&gt;&lt;span class=&#34;cl&#34;&gt;A Markdown aside is useful for displaying notices, hints, or definitions to your readers.
&lt;/span&gt;&lt;/span&gt;&lt;span class=&#34;line&#34;&gt;&lt;span class=&#34;cl&#34;&gt;{{% /callout %}}
&lt;/span&gt;&lt;/span&gt;&lt;/code&gt;&lt;/pre&gt;&lt;/div&gt;&lt;p&gt;renders as&lt;/p&gt;
&lt;div class=&#34;flex px-4 py-3 mb-6 rounded-md bg-primary-100 dark:bg-primary-900&#34;&gt;
&lt;span class=&#34;pr-3 pt-1 text-primary-600 dark:text-primary-300&#34;&gt;
  &lt;svg height=&#34;24&#34; xmlns=&#34;http://www.w3.org/2000/svg&#34; viewBox=&#34;0 0 24 24&#34;&gt;&lt;path fill=&#34;none&#34; stroke=&#34;currentColor&#34; stroke-linecap=&#34;round&#34; stroke-linejoin=&#34;round&#34; stroke-width=&#34;1.5&#34; d=&#34;m11.25 11.25l.041-.02a.75.75 0 0 1 1.063.852l-.708 2.836a.75.75 0 0 0 1.063.853l.041-.021M21 12a9 9 0 1 1-18 0a9 9 0 0 1 18 0m-9-3.75h.008v.008H12z&#34;/&gt;&lt;/svg&gt;
&lt;/span&gt;
  &lt;span class=&#34;dark:text-neutral-300&#34;&gt;A Markdown aside is useful for displaying notices, hints, or definitions to your readers.&lt;/span&gt;
&lt;/div&gt;
&lt;p&gt;Or use the &lt;code&gt;warning&lt;/code&gt; callout type so your readers don&amp;rsquo;t miss critical details:&lt;/p&gt;
&lt;div class=&#34;flex px-4 py-3 mb-6 rounded-md bg-yellow-100 dark:bg-yellow-900&#34;&gt;
&lt;span class=&#34;pr-3 pt-1 text-red-400&#34;&gt;
  &lt;svg height=&#34;24&#34; xmlns=&#34;http://www.w3.org/2000/svg&#34; viewBox=&#34;0 0 24 24&#34;&gt;&lt;path fill=&#34;none&#34; stroke=&#34;currentColor&#34; stroke-linecap=&#34;round&#34; stroke-linejoin=&#34;round&#34; stroke-width=&#34;1.5&#34; d=&#34;M12 9v3.75m-9.303 3.376c-.866 1.5.217 3.374 1.948 3.374h14.71c1.73 0 2.813-1.874 1.948-3.374L13.949 3.378c-.866-1.5-3.032-1.5-3.898 0zM12 15.75h.007v.008H12z&#34;/&gt;&lt;/svg&gt;
&lt;/span&gt;
  &lt;span class=&#34;dark:text-neutral-300&#34;&gt;A Markdown aside is useful for displaying notices, hints, or definitions to your readers.&lt;/span&gt;
&lt;/div&gt;
&lt;h2 id=&#34;did-you-find-this-page-helpful-consider-sharing-it-&#34;&gt;Did you find this page helpful? Consider sharing it 🙌&lt;/h2&gt;
</description>
    </item>
    
  </channel>
</rss>
