<?xml version="1.0" encoding="utf-8" standalone="yes" ?>
<rss version="2.0" xmlns:atom="http://www.w3.org/2005/Atom">
  <channel>
    <title>Hugo | Hugo Academic CV Theme</title>
    <link>http://localhost:1313/tags/hugo/</link>
      <atom:link href="http://localhost:1313/tags/hugo/index.xml" rel="self" type="application/rss+xml" />
    <description>Hugo</description>
    <generator>Hugo Blox Builder (https://hugoblox.com)</generator><language>en-us</language><lastBuildDate>Thu, 26 Oct 2023 00:00:00 +0000</lastBuildDate>
    <image>
      <url>http://localhost:1313/media/icon_hu7729264130191091259.png</url>
      <title>Hugo</title>
      <link>http://localhost:1313/tags/hugo/</link>
    </image>
    
    <item>
      <title>Pandas</title>
      <link>http://localhost:1313/project/pandas/</link>
      <pubDate>Thu, 26 Oct 2023 00:00:00 +0000</pubDate>
      <guid>http://localhost:1313/project/pandas/</guid>
      <description>&lt;p&gt;Flexible and powerful data analysis / manipulation library for Python, providing labeled data structures.&lt;/p&gt;</description>
    </item>
    
    <item>
      <title>PyTorch</title>
      <link>http://localhost:1313/project/pytorch/</link>
      <pubDate>Thu, 26 Oct 2023 00:00:00 +0000</pubDate>
      <guid>http://localhost:1313/project/pytorch/</guid>
      <description>&lt;p&gt;PyTorch is a Python package that provides tensor computation (like NumPy) with strong GPU acceleration.&lt;/p&gt;</description>
    </item>
    
    <item>
      <title>scikit-learn</title>
      <link>http://localhost:1313/project/scikit/</link>
      <pubDate>Thu, 26 Oct 2023 00:00:00 +0000</pubDate>
      <guid>http://localhost:1313/project/scikit/</guid>
      <description>&lt;p&gt;scikit-learn is a Python module for machine learning built on top of SciPy and is distributed under the 3-Clause BSD license.&lt;/p&gt;</description>
    </item>
    
    <item>
      <title>📈 Communicate your results effectively with the best data visualizations</title>
      <link>http://localhost:1313/post/data-visualization/</link>
      <pubDate>Wed, 25 Oct 2023 00:00:00 +0000</pubDate>
      <guid>http://localhost:1313/post/data-visualization/</guid>
      <description>&lt;p&gt;Hugo Blox is designed to give technical content creators a seamless experience. You can focus on the content and Hugo Blox handles the rest.&lt;/p&gt;
&lt;p&gt;Use popular tools such as Plotly, Mermaid, and data frames.&lt;/p&gt;
&lt;h2 id=&#34;charts&#34;&gt;Charts&lt;/h2&gt;
&lt;p&gt;Hugo Blox supports the popular &lt;a href=&#34;https://plot.ly/&#34; target=&#34;_blank&#34; rel=&#34;noopener&#34;&gt;Plotly&lt;/a&gt; format for interactive data visualizations. With Plotly, you can design almost any kind of visualization you can imagine!&lt;/p&gt;
&lt;p&gt;Save your Plotly JSON in your page folder, for example &lt;code&gt;line-chart.json&lt;/code&gt;, and then add the &lt;code&gt;{{&amp;lt; chart data=&amp;quot;line-chart&amp;quot; &amp;gt;}}&lt;/code&gt; shortcode where you would like the chart to appear.&lt;/p&gt;
&lt;p&gt;Demo:&lt;/p&gt;




&lt;div id=&#34;chart-721635849&#34; class=&#34;chart&#34;&gt;&lt;/div&gt;
&lt;script&gt;
  async function fetchChartJSON() {
    console.debug(&#39;Hugo Blox fetching chart JSON...&#39;)
    const response = await fetch(&#39;.\/line-chart.json&#39;);
    return await response.json();
  }

  (function() {
    let a = setInterval( function() {
      if ( typeof window.Plotly === &#39;undefined&#39; ) {
        console.debug(&#39;Plotly not loaded yet...&#39;)
        return;
      }
      clearInterval( a );

      fetchChartJSON().then(chart =&gt; {
        console.debug(&#39;Plotting chart...&#39;)
        window.Plotly.newPlot(&#39;chart-721635849&#39;, chart.data, chart.layout, {responsive: true});
      });
    }, 500 );
  })();
&lt;/script&gt;

&lt;p&gt;You might also find the &lt;a href=&#34;http://plotly-json-editor.getforge.io/&#34; target=&#34;_blank&#34; rel=&#34;noopener&#34;&gt;Plotly JSON Editor&lt;/a&gt; useful.&lt;/p&gt;
&lt;h2 id=&#34;diagrams&#34;&gt;Diagrams&lt;/h2&gt;
&lt;p&gt;Hugo Blox supports the &lt;em&gt;Mermaid&lt;/em&gt; Markdown extension for diagrams.&lt;/p&gt;
&lt;p&gt;An example &lt;strong&gt;flowchart&lt;/strong&gt;:&lt;/p&gt;
&lt;pre&gt;&lt;code&gt;```mermaid
graph TD
A[Hard] --&amp;gt;|Text| B(Round)
B --&amp;gt; C{Decision}
C --&amp;gt;|One| D[Result 1]
C --&amp;gt;|Two| E[Result 2]
```
&lt;/code&gt;&lt;/pre&gt;
&lt;p&gt;renders as&lt;/p&gt;
&lt;div class=&#34;mermaid&#34;&gt;graph TD
A[Hard] --&gt;|Text| B(Round)
B --&gt; C{Decision}
C --&gt;|One| D[Result 1]
C --&gt;|Two| E[Result 2]
&lt;/div&gt;
&lt;p&gt;An example &lt;strong&gt;sequence diagram&lt;/strong&gt;:&lt;/p&gt;
&lt;pre&gt;&lt;code&gt;```mermaid
sequenceDiagram
Alice-&amp;gt;&amp;gt;John: Hello John, how are you?
loop Healthcheck
    John-&amp;gt;&amp;gt;John: Fight against hypochondria
end
Note right of John: Rational thoughts!
John--&amp;gt;&amp;gt;Alice: Great!
John-&amp;gt;&amp;gt;Bob: How about you?
Bob--&amp;gt;&amp;gt;John: Jolly good!
```
&lt;/code&gt;&lt;/pre&gt;
&lt;p&gt;renders as&lt;/p&gt;
&lt;div class=&#34;mermaid&#34;&gt;sequenceDiagram
Alice-&gt;&gt;John: Hello John, how are you?
loop Healthcheck
    John-&gt;&gt;John: Fight against hypochondria
end
Note right of John: Rational thoughts!
John--&gt;&gt;Alice: Great!
John-&gt;&gt;Bob: How about you?
Bob--&gt;&gt;John: Jolly good!
&lt;/div&gt;
&lt;p&gt;An example &lt;strong&gt;class diagram&lt;/strong&gt;:&lt;/p&gt;
&lt;pre&gt;&lt;code&gt;```mermaid
classDiagram
Class01 &amp;lt;|-- AveryLongClass : Cool
Class03 *-- Class04
Class05 o-- Class06
Class07 .. Class08
Class09 --&amp;gt; C2 : Where am i?
Class09 --* C3
Class09 --|&amp;gt; Class07
Class07 : equals()
Class07 : Object[] elementData
Class01 : size()
Class01 : int chimp
Class01 : int gorilla
Class08 &amp;lt;--&amp;gt; C2: Cool label
```
&lt;/code&gt;&lt;/pre&gt;
&lt;p&gt;renders as&lt;/p&gt;
&lt;div class=&#34;mermaid&#34;&gt;classDiagram
Class01 &lt;|-- AveryLongClass : Cool
Class03 *-- Class04
Class05 o-- Class06
Class07 .. Class08
Class09 --&gt; C2 : Where am i?
Class09 --* C3
Class09 --|&gt; Class07
Class07 : equals()
Class07 : Object[] elementData
Class01 : size()
Class01 : int chimp
Class01 : int gorilla
Class08 &lt;--&gt; C2: Cool label
&lt;/div&gt;
&lt;p&gt;An example &lt;strong&gt;state diagram&lt;/strong&gt;:&lt;/p&gt;
&lt;pre&gt;&lt;code&gt;```mermaid
stateDiagram
[*] --&amp;gt; Still
Still --&amp;gt; [*]
Still --&amp;gt; Moving
Moving --&amp;gt; Still
Moving --&amp;gt; Crash
Crash --&amp;gt; [*]
```
&lt;/code&gt;&lt;/pre&gt;
&lt;p&gt;renders as&lt;/p&gt;
&lt;div class=&#34;mermaid&#34;&gt;stateDiagram
[*] --&gt; Still
Still --&gt; [*]
Still --&gt; Moving
Moving --&gt; Still
Moving --&gt; Crash
Crash --&gt; [*]
&lt;/div&gt;
&lt;h2 id=&#34;data-frames&#34;&gt;Data Frames&lt;/h2&gt;
&lt;p&gt;Save your spreadsheet as a CSV file in your page&amp;rsquo;s folder and then render it by adding the &lt;em&gt;Table&lt;/em&gt; shortcode to your page:&lt;/p&gt;
&lt;div class=&#34;highlight&#34;&gt;&lt;pre tabindex=&#34;0&#34; class=&#34;chroma&#34;&gt;&lt;code class=&#34;language-go&#34; data-lang=&#34;go&#34;&gt;&lt;span class=&#34;line&#34;&gt;&lt;span class=&#34;cl&#34;&gt;&lt;span class=&#34;p&#34;&gt;{{&amp;lt;&lt;/span&gt; &lt;span class=&#34;nx&#34;&gt;table&lt;/span&gt; &lt;span class=&#34;nx&#34;&gt;path&lt;/span&gt;&lt;span class=&#34;p&#34;&gt;=&lt;/span&gt;&lt;span class=&#34;s&#34;&gt;&amp;#34;results.csv&amp;#34;&lt;/span&gt; &lt;span class=&#34;nx&#34;&gt;header&lt;/span&gt;&lt;span class=&#34;p&#34;&gt;=&lt;/span&gt;&lt;span class=&#34;s&#34;&gt;&amp;#34;true&amp;#34;&lt;/span&gt; &lt;span class=&#34;nx&#34;&gt;caption&lt;/span&gt;&lt;span class=&#34;p&#34;&gt;=&lt;/span&gt;&lt;span class=&#34;s&#34;&gt;&amp;#34;Table 1: My results&amp;#34;&lt;/span&gt; &lt;span class=&#34;p&#34;&gt;&amp;gt;}}&lt;/span&gt;
&lt;/span&gt;&lt;/span&gt;&lt;/code&gt;&lt;/pre&gt;&lt;/div&gt;&lt;p&gt;renders as&lt;/p&gt;














&lt;table class=&#34;table-auto w-full&#34;&gt;
  
    
    
    &lt;thead&gt;
      &lt;tr&gt;  &lt;th class=&#34;border-b dark:border-slate-600 font-medium p-4 pt-0 pb-3 text-slate-400 dark:text-slate-200 text-left&#34;&gt;customer_id&lt;/th&gt;  &lt;th class=&#34;border-b dark:border-slate-600 font-medium p-4 pt-0 pb-3 text-slate-400 dark:text-slate-200 text-left&#34;&gt;score&lt;/th&gt;  &lt;/tr&gt;
    &lt;/thead&gt;
  
  &lt;tbody&gt;
  
    &lt;tr&gt;
      
        
          &lt;td data-table-dtype=&#34;number&#34; class=&#34;border-b border-slate-100 dark:border-slate-700 p-4 text-slate-500 dark:text-slate-400&#34;&gt;1&lt;/td&gt;
        
      
        
          &lt;td data-table-dtype=&#34;number&#34; class=&#34;border-b border-slate-100 dark:border-slate-700 p-4 text-slate-500 dark:text-slate-400&#34;&gt;0&lt;/td&gt;
        
      
    &lt;/tr&gt;
  
    &lt;tr&gt;
      
        
          &lt;td data-table-dtype=&#34;number&#34; class=&#34;border-b border-slate-100 dark:border-slate-700 p-4 text-slate-500 dark:text-slate-400&#34;&gt;2&lt;/td&gt;
        
      
        
          &lt;td data-table-dtype=&#34;text&#34; class=&#34;border-b border-slate-100 dark:border-slate-700 p-4 text-slate-500 dark:text-slate-400&#34;&gt;0.5&lt;/td&gt;
        
      
    &lt;/tr&gt;
  
    &lt;tr&gt;
      
        
          &lt;td data-table-dtype=&#34;number&#34; class=&#34;border-b border-slate-100 dark:border-slate-700 p-4 text-slate-500 dark:text-slate-400&#34;&gt;3&lt;/td&gt;
        
      
        
          &lt;td data-table-dtype=&#34;number&#34; class=&#34;border-b border-slate-100 dark:border-slate-700 p-4 text-slate-500 dark:text-slate-400&#34;&gt;1&lt;/td&gt;
        
      
    &lt;/tr&gt;
  
  &lt;/tbody&gt;
  
    &lt;caption class=&#34;table-caption&#34;&gt;Table 1: My results&lt;/caption&gt;
  
&lt;/table&gt;

&lt;h2 id=&#34;did-you-find-this-page-helpful-consider-sharing-it-&#34;&gt;Did you find this page helpful? Consider sharing it 🙌&lt;/h2&gt;
</description>
    </item>
    
    <item>
      <title>👩🏼‍🏫 Teach academic courses</title>
      <link>http://localhost:1313/post/teach-courses/</link>
      <pubDate>Tue, 24 Oct 2023 00:00:00 +0000</pubDate>
      <guid>http://localhost:1313/post/teach-courses/</guid>
      <description>&lt;p&gt;&lt;a href=&#34;https://hugoblox.com&#34; target=&#34;_blank&#34; rel=&#34;noopener&#34;&gt;Hugo Blox Builder&lt;/a&gt; is designed to give technical content creators a seamless experience. You can focus on the content and the Hugo Blox Builder which this template is built upon handles the rest.&lt;/p&gt;
&lt;p&gt;&lt;strong&gt;Embed videos, podcasts, code, LaTeX math, and even test students!&lt;/strong&gt;&lt;/p&gt;
&lt;p&gt;On this page, you&amp;rsquo;ll find some examples of the types of technical content that can be rendered with Hugo Blox.&lt;/p&gt;
&lt;h2 id=&#34;video&#34;&gt;Video&lt;/h2&gt;
&lt;p&gt;Teach your course by sharing videos with your students. Choose from one of the following approaches:&lt;/p&gt;
&lt;p&gt;&lt;strong&gt;Youtube&lt;/strong&gt;:&lt;/p&gt;
&lt;pre&gt;&lt;code&gt;{{&amp;lt; youtube D2vj0WcvH5c &amp;gt;}}
&lt;/code&gt;&lt;/pre&gt;


    
    &lt;div style=&#34;position: relative; padding-bottom: 56.25%; height: 0; overflow: hidden;&#34;&gt;
      &lt;iframe allow=&#34;accelerometer; autoplay; clipboard-write; encrypted-media; gyroscope; picture-in-picture; web-share&#34; allowfullscreen=&#34;allowfullscreen&#34; loading=&#34;eager&#34; referrerpolicy=&#34;strict-origin-when-cross-origin&#34; src=&#34;https://www.youtube.com/embed/D2vj0WcvH5c?autoplay=0&amp;controls=1&amp;end=0&amp;loop=0&amp;mute=0&amp;start=0&#34; style=&#34;position: absolute; top: 0; left: 0; width: 100%; height: 100%; border:0;&#34; title=&#34;YouTube video&#34;
      &gt;&lt;/iframe&gt;
    &lt;/div&gt;

&lt;p&gt;&lt;strong&gt;Bilibili&lt;/strong&gt;:&lt;/p&gt;
&lt;pre&gt;&lt;code&gt;{{&amp;lt; bilibili BV1WV4y1r7DF &amp;gt;}}
&lt;/code&gt;&lt;/pre&gt;
&lt;div class=&#34;w-full h-auto aspect-video relative&#34;&gt;
  &lt;iframe src=&#34;//player.bilibili.com/player.html?bvid=BV1WV4y1r7DF&amp;page=1&#34;
  allow=&#34;accelerometer; clipboard-write; encrypted-media; gyroscope; fullscreen; picture-in-picture;&#34;
  class=&#34;w-full h-full&#34;
  &gt;&lt;/iframe&gt;
&lt;/div&gt;
&lt;p&gt;&lt;strong&gt;Video file&lt;/strong&gt;&lt;/p&gt;
&lt;p&gt;Videos may be added to a page by either placing them in your &lt;code&gt;assets/media/&lt;/code&gt; media library or in your &lt;a href=&#34;https://gohugo.io/content-management/page-bundles/&#34; target=&#34;_blank&#34; rel=&#34;noopener&#34;&gt;page&amp;rsquo;s folder&lt;/a&gt;, and then embedding them with the &lt;em&gt;video&lt;/em&gt; shortcode:&lt;/p&gt;
&lt;pre&gt;&lt;code&gt;{{&amp;lt; video src=&amp;quot;my_video.mp4&amp;quot; controls=&amp;quot;yes&amp;quot; &amp;gt;}}
&lt;/code&gt;&lt;/pre&gt;
&lt;h2 id=&#34;podcast&#34;&gt;Podcast&lt;/h2&gt;
&lt;p&gt;You can add a podcast or music to a page by placing the MP3 file in the page&amp;rsquo;s folder or the media library folder and then embedding the audio on your page with the &lt;em&gt;audio&lt;/em&gt; shortcode:&lt;/p&gt;
&lt;pre&gt;&lt;code&gt;{{&amp;lt; audio src=&amp;quot;ambient-piano.mp3&amp;quot; &amp;gt;}}
&lt;/code&gt;&lt;/pre&gt;
&lt;p&gt;Try it out:&lt;/p&gt;








  








&lt;audio controls &gt;
  &lt;source src=&#34;http://localhost:1313/post/teach-courses/ambient-piano.mp3&#34; type=&#34;audio/mpeg&#34;&gt;
&lt;/audio&gt;

&lt;h2 id=&#34;test-students&#34;&gt;Test students&lt;/h2&gt;
&lt;p&gt;Provide a simple yet fun self-assessment by revealing the solutions to challenges with the &lt;code&gt;spoiler&lt;/code&gt; shortcode:&lt;/p&gt;
&lt;div class=&#34;highlight&#34;&gt;&lt;pre tabindex=&#34;0&#34; class=&#34;chroma&#34;&gt;&lt;code class=&#34;language-markdown&#34; data-lang=&#34;markdown&#34;&gt;&lt;span class=&#34;line&#34;&gt;&lt;span class=&#34;cl&#34;&gt;{{&lt;span class=&#34;p&#34;&gt;&amp;lt;&lt;/span&gt; &lt;span class=&#34;nt&#34;&gt;spoiler&lt;/span&gt; &lt;span class=&#34;na&#34;&gt;text&lt;/span&gt;&lt;span class=&#34;o&#34;&gt;=&lt;/span&gt;&lt;span class=&#34;s&#34;&gt;&amp;#34;👉 Click to view the solution&amp;#34;&lt;/span&gt; &lt;span class=&#34;p&#34;&gt;&amp;gt;&lt;/span&gt;}}
&lt;/span&gt;&lt;/span&gt;&lt;span class=&#34;line&#34;&gt;&lt;span class=&#34;cl&#34;&gt;You found me!
&lt;/span&gt;&lt;/span&gt;&lt;span class=&#34;line&#34;&gt;&lt;span class=&#34;cl&#34;&gt;{{&lt;span class=&#34;p&#34;&gt;&amp;lt;&lt;/span&gt; &lt;span class=&#34;p&#34;&gt;/&lt;/span&gt;&lt;span class=&#34;nt&#34;&gt;spoiler&lt;/span&gt; &lt;span class=&#34;p&#34;&gt;&amp;gt;&lt;/span&gt;}}
&lt;/span&gt;&lt;/span&gt;&lt;/code&gt;&lt;/pre&gt;&lt;/div&gt;&lt;p&gt;renders as&lt;/p&gt;
&lt;details class=&#34;spoiler &#34;  id=&#34;spoiler-3&#34;&gt;
  &lt;summary class=&#34;cursor-pointer&#34;&gt;👉 Click to view the solution&lt;/summary&gt;
  &lt;div class=&#34;rounded-lg bg-neutral-50 dark:bg-neutral-800 p-2&#34;&gt;
    You found me 🎉
  &lt;/div&gt;
&lt;/details&gt;
&lt;h2 id=&#34;math&#34;&gt;Math&lt;/h2&gt;
&lt;p&gt;Hugo Blox Builder supports a Markdown extension for $\LaTeX$ math. Enable math by setting the &lt;code&gt;math: true&lt;/code&gt; option in your page&amp;rsquo;s front matter, or enable math for your entire site by toggling math in your &lt;code&gt;config/_default/params.yaml&lt;/code&gt; file:&lt;/p&gt;
&lt;div class=&#34;highlight&#34;&gt;&lt;pre tabindex=&#34;0&#34; class=&#34;chroma&#34;&gt;&lt;code class=&#34;language-yaml&#34; data-lang=&#34;yaml&#34;&gt;&lt;span class=&#34;line&#34;&gt;&lt;span class=&#34;cl&#34;&gt;&lt;span class=&#34;nt&#34;&gt;features&lt;/span&gt;&lt;span class=&#34;p&#34;&gt;:&lt;/span&gt;&lt;span class=&#34;w&#34;&gt;
&lt;/span&gt;&lt;/span&gt;&lt;/span&gt;&lt;span class=&#34;line&#34;&gt;&lt;span class=&#34;cl&#34;&gt;&lt;span class=&#34;w&#34;&gt;  &lt;/span&gt;&lt;span class=&#34;nt&#34;&gt;math&lt;/span&gt;&lt;span class=&#34;p&#34;&gt;:&lt;/span&gt;&lt;span class=&#34;w&#34;&gt;
&lt;/span&gt;&lt;/span&gt;&lt;/span&gt;&lt;span class=&#34;line&#34;&gt;&lt;span class=&#34;cl&#34;&gt;&lt;span class=&#34;w&#34;&gt;    &lt;/span&gt;&lt;span class=&#34;nt&#34;&gt;enable&lt;/span&gt;&lt;span class=&#34;p&#34;&gt;:&lt;/span&gt;&lt;span class=&#34;w&#34;&gt; &lt;/span&gt;&lt;span class=&#34;kc&#34;&gt;true&lt;/span&gt;&lt;span class=&#34;w&#34;&gt;
&lt;/span&gt;&lt;/span&gt;&lt;/span&gt;&lt;/code&gt;&lt;/pre&gt;&lt;/div&gt;&lt;p&gt;To render &lt;em&gt;inline&lt;/em&gt; or &lt;em&gt;block&lt;/em&gt; math, wrap your LaTeX math with &lt;code&gt;$...$&lt;/code&gt; or &lt;code&gt;$$...$$&lt;/code&gt;, respectively.&lt;/p&gt;
&lt;p&gt;Example &lt;strong&gt;math block&lt;/strong&gt;:&lt;/p&gt;
&lt;div class=&#34;highlight&#34;&gt;&lt;pre tabindex=&#34;0&#34; class=&#34;chroma&#34;&gt;&lt;code class=&#34;language-latex&#34; data-lang=&#34;latex&#34;&gt;&lt;span class=&#34;line&#34;&gt;&lt;span class=&#34;cl&#34;&gt;&lt;span class=&#34;sb&#34;&gt;$$&lt;/span&gt;&lt;span class=&#34;nb&#34;&gt;
&lt;/span&gt;&lt;/span&gt;&lt;/span&gt;&lt;span class=&#34;line&#34;&gt;&lt;span class=&#34;cl&#34;&gt;&lt;span class=&#34;nb&#34;&gt;&lt;/span&gt;&lt;span class=&#34;nv&#34;&gt;\gamma&lt;/span&gt;&lt;span class=&#34;nb&#34;&gt;_{n} &lt;/span&gt;&lt;span class=&#34;o&#34;&gt;=&lt;/span&gt;&lt;span class=&#34;nb&#34;&gt; &lt;/span&gt;&lt;span class=&#34;nv&#34;&gt;\frac&lt;/span&gt;&lt;span class=&#34;nb&#34;&gt;{ &lt;/span&gt;&lt;span class=&#34;nv&#34;&gt;\left&lt;/span&gt;&lt;span class=&#34;nb&#34;&gt; | &lt;/span&gt;&lt;span class=&#34;nv&#34;&gt;\left&lt;/span&gt;&lt;span class=&#34;nb&#34;&gt; &lt;/span&gt;&lt;span class=&#34;o&#34;&gt;(&lt;/span&gt;&lt;span class=&#34;nv&#34;&gt;\mathbf&lt;/span&gt;&lt;span class=&#34;nb&#34;&gt; x_{n} &lt;/span&gt;&lt;span class=&#34;o&#34;&gt;-&lt;/span&gt;&lt;span class=&#34;nb&#34;&gt; &lt;/span&gt;&lt;span class=&#34;nv&#34;&gt;\mathbf&lt;/span&gt;&lt;span class=&#34;nb&#34;&gt; x_{n&lt;/span&gt;&lt;span class=&#34;o&#34;&gt;-&lt;/span&gt;&lt;span class=&#34;m&#34;&gt;1&lt;/span&gt;&lt;span class=&#34;nb&#34;&gt;} &lt;/span&gt;&lt;span class=&#34;nv&#34;&gt;\right&lt;/span&gt;&lt;span class=&#34;nb&#34;&gt; &lt;/span&gt;&lt;span class=&#34;o&#34;&gt;)&lt;/span&gt;&lt;span class=&#34;nb&#34;&gt;^T &lt;/span&gt;&lt;span class=&#34;nv&#34;&gt;\left&lt;/span&gt;&lt;span class=&#34;nb&#34;&gt; &lt;/span&gt;&lt;span class=&#34;o&#34;&gt;[&lt;/span&gt;&lt;span class=&#34;nv&#34;&gt;\nabla&lt;/span&gt;&lt;span class=&#34;nb&#34;&gt; F &lt;/span&gt;&lt;span class=&#34;o&#34;&gt;(&lt;/span&gt;&lt;span class=&#34;nv&#34;&gt;\mathbf&lt;/span&gt;&lt;span class=&#34;nb&#34;&gt; x_{n}&lt;/span&gt;&lt;span class=&#34;o&#34;&gt;)&lt;/span&gt;&lt;span class=&#34;nb&#34;&gt; &lt;/span&gt;&lt;span class=&#34;o&#34;&gt;-&lt;/span&gt;&lt;span class=&#34;nb&#34;&gt; &lt;/span&gt;&lt;span class=&#34;nv&#34;&gt;\nabla&lt;/span&gt;&lt;span class=&#34;nb&#34;&gt; F &lt;/span&gt;&lt;span class=&#34;o&#34;&gt;(&lt;/span&gt;&lt;span class=&#34;nv&#34;&gt;\mathbf&lt;/span&gt;&lt;span class=&#34;nb&#34;&gt; x_{n&lt;/span&gt;&lt;span class=&#34;o&#34;&gt;-&lt;/span&gt;&lt;span class=&#34;m&#34;&gt;1&lt;/span&gt;&lt;span class=&#34;nb&#34;&gt;}&lt;/span&gt;&lt;span class=&#34;o&#34;&gt;)&lt;/span&gt;&lt;span class=&#34;nb&#34;&gt; &lt;/span&gt;&lt;span class=&#34;nv&#34;&gt;\right&lt;/span&gt;&lt;span class=&#34;nb&#34;&gt; &lt;/span&gt;&lt;span class=&#34;o&#34;&gt;]&lt;/span&gt;&lt;span class=&#34;nb&#34;&gt; &lt;/span&gt;&lt;span class=&#34;nv&#34;&gt;\right&lt;/span&gt;&lt;span class=&#34;nb&#34;&gt; |}{&lt;/span&gt;&lt;span class=&#34;nv&#34;&gt;\left&lt;/span&gt;&lt;span class=&#34;nb&#34;&gt; &lt;/span&gt;&lt;span class=&#34;nv&#34;&gt;\|\nabla&lt;/span&gt;&lt;span class=&#34;nb&#34;&gt; F&lt;/span&gt;&lt;span class=&#34;o&#34;&gt;(&lt;/span&gt;&lt;span class=&#34;nv&#34;&gt;\mathbf&lt;/span&gt;&lt;span class=&#34;nb&#34;&gt;{x}_{n}&lt;/span&gt;&lt;span class=&#34;o&#34;&gt;)&lt;/span&gt;&lt;span class=&#34;nb&#34;&gt; &lt;/span&gt;&lt;span class=&#34;o&#34;&gt;-&lt;/span&gt;&lt;span class=&#34;nb&#34;&gt; &lt;/span&gt;&lt;span class=&#34;nv&#34;&gt;\nabla&lt;/span&gt;&lt;span class=&#34;nb&#34;&gt; F&lt;/span&gt;&lt;span class=&#34;o&#34;&gt;(&lt;/span&gt;&lt;span class=&#34;nv&#34;&gt;\mathbf&lt;/span&gt;&lt;span class=&#34;nb&#34;&gt;{x}_{n&lt;/span&gt;&lt;span class=&#34;o&#34;&gt;-&lt;/span&gt;&lt;span class=&#34;m&#34;&gt;1&lt;/span&gt;&lt;span class=&#34;nb&#34;&gt;}&lt;/span&gt;&lt;span class=&#34;o&#34;&gt;)&lt;/span&gt;&lt;span class=&#34;nb&#34;&gt; &lt;/span&gt;&lt;span class=&#34;nv&#34;&gt;\right&lt;/span&gt;&lt;span class=&#34;nb&#34;&gt; &lt;/span&gt;&lt;span class=&#34;nv&#34;&gt;\|&lt;/span&gt;&lt;span class=&#34;nb&#34;&gt;^&lt;/span&gt;&lt;span class=&#34;m&#34;&gt;2&lt;/span&gt;&lt;span class=&#34;nb&#34;&gt;}
&lt;/span&gt;&lt;/span&gt;&lt;/span&gt;&lt;span class=&#34;line&#34;&gt;&lt;span class=&#34;cl&#34;&gt;&lt;span class=&#34;nb&#34;&gt;&lt;/span&gt;&lt;span class=&#34;s&#34;&gt;$$&lt;/span&gt;
&lt;/span&gt;&lt;/span&gt;&lt;/code&gt;&lt;/pre&gt;&lt;/div&gt;&lt;p&gt;renders as&lt;/p&gt;
$$\gamma_{n} = \frac{ \left | \left (\mathbf x_{n} - \mathbf x_{n-1} \right )^T \left [\nabla F (\mathbf x_{n}) - \nabla F (\mathbf x_{n-1}) \right ] \right |}{\left \|\nabla F(\mathbf{x}_{n}) - \nabla F(\mathbf{x}_{n-1}) \right \|^2}$$&lt;p&gt;Example &lt;strong&gt;inline math&lt;/strong&gt; &lt;code&gt;$\nabla F(\mathbf{x}_{n})$&lt;/code&gt; renders as $\nabla F(\mathbf{x}_{n})$.&lt;/p&gt;
&lt;p&gt;Example &lt;strong&gt;multi-line math&lt;/strong&gt; using the math linebreak (&lt;code&gt;\\&lt;/code&gt;):&lt;/p&gt;
&lt;div class=&#34;highlight&#34;&gt;&lt;pre tabindex=&#34;0&#34; class=&#34;chroma&#34;&gt;&lt;code class=&#34;language-latex&#34; data-lang=&#34;latex&#34;&gt;&lt;span class=&#34;line&#34;&gt;&lt;span class=&#34;cl&#34;&gt;&lt;span class=&#34;sb&#34;&gt;$$&lt;/span&gt;&lt;span class=&#34;nb&#34;&gt;f&lt;/span&gt;&lt;span class=&#34;o&#34;&gt;(&lt;/span&gt;&lt;span class=&#34;nb&#34;&gt;k;p_{&lt;/span&gt;&lt;span class=&#34;m&#34;&gt;0&lt;/span&gt;&lt;span class=&#34;nb&#34;&gt;}^{&lt;/span&gt;&lt;span class=&#34;o&#34;&gt;*&lt;/span&gt;&lt;span class=&#34;nb&#34;&gt;}&lt;/span&gt;&lt;span class=&#34;o&#34;&gt;)&lt;/span&gt;&lt;span class=&#34;nb&#34;&gt; &lt;/span&gt;&lt;span class=&#34;o&#34;&gt;=&lt;/span&gt;&lt;span class=&#34;nb&#34;&gt; &lt;/span&gt;&lt;span class=&#34;nv&#34;&gt;\begin&lt;/span&gt;&lt;span class=&#34;nb&#34;&gt;{cases}p_{&lt;/span&gt;&lt;span class=&#34;m&#34;&gt;0&lt;/span&gt;&lt;span class=&#34;nb&#34;&gt;}^{&lt;/span&gt;&lt;span class=&#34;o&#34;&gt;*&lt;/span&gt;&lt;span class=&#34;nb&#34;&gt;} &amp;amp; &lt;/span&gt;&lt;span class=&#34;nv&#34;&gt;\text&lt;/span&gt;&lt;span class=&#34;nb&#34;&gt;{if }k&lt;/span&gt;&lt;span class=&#34;o&#34;&gt;=&lt;/span&gt;&lt;span class=&#34;m&#34;&gt;1&lt;/span&gt;&lt;span class=&#34;nb&#34;&gt;, &lt;/span&gt;&lt;span class=&#34;nv&#34;&gt;\\&lt;/span&gt;&lt;span class=&#34;nb&#34;&gt;
&lt;/span&gt;&lt;/span&gt;&lt;/span&gt;&lt;span class=&#34;line&#34;&gt;&lt;span class=&#34;cl&#34;&gt;&lt;span class=&#34;nb&#34;&gt;&lt;/span&gt;&lt;span class=&#34;m&#34;&gt;1&lt;/span&gt;&lt;span class=&#34;o&#34;&gt;-&lt;/span&gt;&lt;span class=&#34;nb&#34;&gt;p_{&lt;/span&gt;&lt;span class=&#34;m&#34;&gt;0&lt;/span&gt;&lt;span class=&#34;nb&#34;&gt;}^{&lt;/span&gt;&lt;span class=&#34;o&#34;&gt;*&lt;/span&gt;&lt;span class=&#34;nb&#34;&gt;} &amp;amp; &lt;/span&gt;&lt;span class=&#34;nv&#34;&gt;\text&lt;/span&gt;&lt;span class=&#34;nb&#34;&gt;{if }k&lt;/span&gt;&lt;span class=&#34;o&#34;&gt;=&lt;/span&gt;&lt;span class=&#34;m&#34;&gt;0&lt;/span&gt;&lt;span class=&#34;nb&#34;&gt;.&lt;/span&gt;&lt;span class=&#34;nv&#34;&gt;\end&lt;/span&gt;&lt;span class=&#34;nb&#34;&gt;{cases}&lt;/span&gt;&lt;span class=&#34;s&#34;&gt;$$&lt;/span&gt;
&lt;/span&gt;&lt;/span&gt;&lt;/code&gt;&lt;/pre&gt;&lt;/div&gt;&lt;p&gt;renders as&lt;/p&gt;
$$
f(k;p_{0}^{*}) = \begin{cases}p_{0}^{*} &amp; \text{if }k=1, \\
1-p_{0}^{*} &amp; \text{if }k=0.\end{cases}
$$&lt;h2 id=&#34;code&#34;&gt;Code&lt;/h2&gt;
&lt;p&gt;Hugo Blox Builder utilises Hugo&amp;rsquo;s Markdown extension for highlighting code syntax. The code theme can be selected in the &lt;code&gt;config/_default/params.yaml&lt;/code&gt; file.&lt;/p&gt;
&lt;pre&gt;&lt;code&gt;```python
import pandas as pd
data = pd.read_csv(&amp;quot;data.csv&amp;quot;)
data.head()
```
&lt;/code&gt;&lt;/pre&gt;
&lt;p&gt;renders as&lt;/p&gt;
&lt;div class=&#34;highlight&#34;&gt;&lt;pre tabindex=&#34;0&#34; class=&#34;chroma&#34;&gt;&lt;code class=&#34;language-python&#34; data-lang=&#34;python&#34;&gt;&lt;span class=&#34;line&#34;&gt;&lt;span class=&#34;cl&#34;&gt;&lt;span class=&#34;kn&#34;&gt;import&lt;/span&gt; &lt;span class=&#34;nn&#34;&gt;pandas&lt;/span&gt; &lt;span class=&#34;k&#34;&gt;as&lt;/span&gt; &lt;span class=&#34;nn&#34;&gt;pd&lt;/span&gt;
&lt;/span&gt;&lt;/span&gt;&lt;span class=&#34;line&#34;&gt;&lt;span class=&#34;cl&#34;&gt;&lt;span class=&#34;n&#34;&gt;data&lt;/span&gt; &lt;span class=&#34;o&#34;&gt;=&lt;/span&gt; &lt;span class=&#34;n&#34;&gt;pd&lt;/span&gt;&lt;span class=&#34;o&#34;&gt;.&lt;/span&gt;&lt;span class=&#34;n&#34;&gt;read_csv&lt;/span&gt;&lt;span class=&#34;p&#34;&gt;(&lt;/span&gt;&lt;span class=&#34;s2&#34;&gt;&amp;#34;data.csv&amp;#34;&lt;/span&gt;&lt;span class=&#34;p&#34;&gt;)&lt;/span&gt;
&lt;/span&gt;&lt;/span&gt;&lt;span class=&#34;line&#34;&gt;&lt;span class=&#34;cl&#34;&gt;&lt;span class=&#34;n&#34;&gt;data&lt;/span&gt;&lt;span class=&#34;o&#34;&gt;.&lt;/span&gt;&lt;span class=&#34;n&#34;&gt;head&lt;/span&gt;&lt;span class=&#34;p&#34;&gt;()&lt;/span&gt;
&lt;/span&gt;&lt;/span&gt;&lt;/code&gt;&lt;/pre&gt;&lt;/div&gt;&lt;h2 id=&#34;inline-images&#34;&gt;Inline Images&lt;/h2&gt;
&lt;div class=&#34;highlight&#34;&gt;&lt;pre tabindex=&#34;0&#34; class=&#34;chroma&#34;&gt;&lt;code class=&#34;language-go&#34; data-lang=&#34;go&#34;&gt;&lt;span class=&#34;line&#34;&gt;&lt;span class=&#34;cl&#34;&gt;&lt;span class=&#34;p&#34;&gt;{{&amp;lt;&lt;/span&gt; &lt;span class=&#34;nx&#34;&gt;icon&lt;/span&gt; &lt;span class=&#34;nx&#34;&gt;name&lt;/span&gt;&lt;span class=&#34;p&#34;&gt;=&lt;/span&gt;&lt;span class=&#34;s&#34;&gt;&amp;#34;python&amp;#34;&lt;/span&gt; &lt;span class=&#34;p&#34;&gt;&amp;gt;}}&lt;/span&gt; &lt;span class=&#34;nx&#34;&gt;Python&lt;/span&gt;
&lt;/span&gt;&lt;/span&gt;&lt;/code&gt;&lt;/pre&gt;&lt;/div&gt;&lt;p&gt;renders as&lt;/p&gt;
&lt;p&gt;
  &lt;span class=&#34;inline-block  pr-1&#34;&gt;
    &lt;svg style=&#34;height: 1em; transform: translateY(0.1em);&#34; xmlns=&#34;http://www.w3.org/2000/svg&#34; height=&#34;1em&#34; viewBox=&#34;0 0 448 512&#34; fill=&#34;currentColor&#34;&gt;&lt;path d=&#34;M439.8 200.5c-7.7-30.9-22.3-54.2-53.4-54.2h-40.1v47.4c0 36.8-31.2 67.8-66.8 67.8H172.7c-29.2 0-53.4 25-53.4 54.3v101.8c0 29 25.2 46 53.4 54.3 33.8 9.9 66.3 11.7 106.8 0 26.9-7.8 53.4-23.5 53.4-54.3v-40.7H226.2v-13.6h160.2c31.1 0 42.6-21.7 53.4-54.2 11.2-33.5 10.7-65.7 0-108.6zM286.2 404c11.1 0 20.1 9.1 20.1 20.3 0 11.3-9 20.4-20.1 20.4-11 0-20.1-9.2-20.1-20.4.1-11.3 9.1-20.3 20.1-20.3zM167.8 248.1h106.8c29.7 0 53.4-24.5 53.4-54.3V91.9c0-29-24.4-50.7-53.4-55.6-35.8-5.9-74.7-5.6-106.8.1-45.2 8-53.4 24.7-53.4 55.6v40.7h106.9v13.6h-147c-31.1 0-58.3 18.7-66.8 54.2-9.8 40.7-10.2 66.1 0 108.6 7.6 31.6 25.7 54.2 56.8 54.2H101v-48.8c0-35.3 30.5-66.4 66.8-66.4zm-6.7-142.6c-11.1 0-20.1-9.1-20.1-20.3.1-11.3 9-20.4 20.1-20.4 11 0 20.1 9.2 20.1 20.4s-9 20.3-20.1 20.3z&#34;/&gt;&lt;/svg&gt;
  &lt;/span&gt; Python&lt;/p&gt;
&lt;h2 id=&#34;did-you-find-this-page-helpful-consider-sharing-it-&#34;&gt;Did you find this page helpful? Consider sharing it 🙌&lt;/h2&gt;
</description>
    </item>
    
  </channel>
</rss>
