<?xml version="1.0" encoding="utf-8" standalone="yes" ?>
<rss version="2.0" xmlns:atom="http://www.w3.org/2005/Atom">
  <channel>
    <title>Publication_types | Hugo Academic CV Theme</title>
    <link>http://localhost:1313/publication_types/</link>
      <atom:link href="http://localhost:1313/publication_types/index.xml" rel="self" type="application/rss+xml" />
    <description>Publication_types</description>
    <generator>Hugo Blox Builder (https://hugoblox.com)</generator><language>en-us</language><lastBuildDate>Sun, 07 Apr 2019 00:00:00 +0000</lastBuildDate>
    <image>
      <url>http://localhost:1313/media/icon_hu7729264130191091259.png</url>
      <title>Publication_types</title>
      <link>http://localhost:1313/publication_types/</link>
    </image>
    
  </channel>
</rss>
