<?xml version="1.0" encoding="utf-8" standalone="yes" ?>
<rss version="2.0" xmlns:atom="http://www.w3.org/2005/Atom">
  <channel>
    <title>Python | Hugo Academic CV Theme</title>
    <link>http://localhost:1313/tags/python/</link>
      <atom:link href="http://localhost:1313/tags/python/index.xml" rel="self" type="application/rss+xml" />
    <description>Python</description>
    <generator>Hugo Blox Builder (https://hugoblox.com)</generator><language>en-us</language><lastBuildDate>Tue, 24 Oct 2023 00:00:00 +0000</lastBuildDate>
    <image>
      <url>http://localhost:1313/media/icon_hu7729264130191091259.png</url>
      <title>Python</title>
      <link>http://localhost:1313/tags/python/</link>
    </image>
    
    <item>
      <title>Learn Python</title>
      <link>http://localhost:1313/teaching/python/</link>
      <pubDate>Tue, 24 Oct 2023 00:00:00 +0000</pubDate>
      <guid>http://localhost:1313/teaching/python/</guid>
      <description>&lt;p&gt;&lt;a href=&#34;https://hugoblox.com&#34; target=&#34;_blank&#34; rel=&#34;noopener&#34;&gt;Hugo Blox Builder&lt;/a&gt; is designed to give technical content creators a seamless experience. You can focus on the content and the Hugo Blox Builder which this template is built upon handles the rest.&lt;/p&gt;
&lt;p&gt;&lt;strong&gt;Embed videos, podcasts, code, LaTeX math, and even test students!&lt;/strong&gt;&lt;/p&gt;
&lt;p&gt;On this page, you&amp;rsquo;ll find some examples of the types of technical content that can be rendered with Hugo Blox.&lt;/p&gt;
&lt;h2 id=&#34;video&#34;&gt;Video&lt;/h2&gt;
&lt;p&gt;Teach your course by sharing videos with your students. Choose from one of the following approaches:&lt;/p&gt;


    
    &lt;div style=&#34;position: relative; padding-bottom: 56.25%; height: 0; overflow: hidden;&#34;&gt;
      &lt;iframe allow=&#34;accelerometer; autoplay; clipboard-write; encrypted-media; gyroscope; picture-in-picture; web-share&#34; allowfullscreen=&#34;allowfullscreen&#34; loading=&#34;eager&#34; referrerpolicy=&#34;strict-origin-when-cross-origin&#34; src=&#34;https://www.youtube.com/embed/D2vj0WcvH5c?autoplay=0&amp;controls=1&amp;end=0&amp;loop=0&amp;mute=0&amp;start=0&#34; style=&#34;position: absolute; top: 0; left: 0; width: 100%; height: 100%; border:0;&#34; title=&#34;YouTube video&#34;
      &gt;&lt;/iframe&gt;
    &lt;/div&gt;

&lt;p&gt;&lt;strong&gt;Youtube&lt;/strong&gt;:&lt;/p&gt;
&lt;pre&gt;&lt;code&gt;{{&amp;lt; youtube w7Ft2ymGmfc &amp;gt;}}
&lt;/code&gt;&lt;/pre&gt;
&lt;p&gt;&lt;strong&gt;Bilibili&lt;/strong&gt;:&lt;/p&gt;
&lt;pre&gt;&lt;code&gt;{{&amp;lt; bilibili id=&amp;quot;BV1WV4y1r7DF&amp;quot; &amp;gt;}}
&lt;/code&gt;&lt;/pre&gt;
&lt;p&gt;&lt;strong&gt;Video file&lt;/strong&gt;&lt;/p&gt;
&lt;p&gt;Videos may be added to a page by either placing them in your &lt;code&gt;assets/media/&lt;/code&gt; media library or in your &lt;a href=&#34;https://gohugo.io/content-management/page-bundles/&#34; target=&#34;_blank&#34; rel=&#34;noopener&#34;&gt;page&amp;rsquo;s folder&lt;/a&gt;, and then embedding them with the &lt;em&gt;video&lt;/em&gt; shortcode:&lt;/p&gt;
&lt;pre&gt;&lt;code&gt;{{&amp;lt; video src=&amp;quot;my_video.mp4&amp;quot; controls=&amp;quot;yes&amp;quot; &amp;gt;}}
&lt;/code&gt;&lt;/pre&gt;
&lt;h2 id=&#34;podcast&#34;&gt;Podcast&lt;/h2&gt;
&lt;p&gt;You can add a podcast or music to a page by placing the MP3 file in the page&amp;rsquo;s folder or the media library folder and then embedding the audio on your page with the &lt;em&gt;audio&lt;/em&gt; shortcode:&lt;/p&gt;
&lt;pre&gt;&lt;code&gt;{{&amp;lt; audio src=&amp;quot;ambient-piano.mp3&amp;quot; &amp;gt;}}
&lt;/code&gt;&lt;/pre&gt;
&lt;p&gt;Try it out:&lt;/p&gt;








  








&lt;audio controls &gt;
  &lt;source src=&#34;http://localhost:1313/teaching/python/ambient-piano.mp3&#34; type=&#34;audio/mpeg&#34;&gt;
&lt;/audio&gt;

&lt;h2 id=&#34;test-students&#34;&gt;Test students&lt;/h2&gt;
&lt;p&gt;Provide a simple yet fun self-assessment by revealing the solutions to challenges with the &lt;code&gt;spoiler&lt;/code&gt; shortcode:&lt;/p&gt;
&lt;div class=&#34;highlight&#34;&gt;&lt;pre tabindex=&#34;0&#34; class=&#34;chroma&#34;&gt;&lt;code class=&#34;language-markdown&#34; data-lang=&#34;markdown&#34;&gt;&lt;span class=&#34;line&#34;&gt;&lt;span class=&#34;cl&#34;&gt;{{&lt;span class=&#34;p&#34;&gt;&amp;lt;&lt;/span&gt; &lt;span class=&#34;nt&#34;&gt;spoiler&lt;/span&gt; &lt;span class=&#34;na&#34;&gt;text&lt;/span&gt;&lt;span class=&#34;o&#34;&gt;=&lt;/span&gt;&lt;span class=&#34;s&#34;&gt;&amp;#34;👉 Click to view the solution&amp;#34;&lt;/span&gt; &lt;span class=&#34;p&#34;&gt;&amp;gt;&lt;/span&gt;}}
&lt;/span&gt;&lt;/span&gt;&lt;span class=&#34;line&#34;&gt;&lt;span class=&#34;cl&#34;&gt;You found me!
&lt;/span&gt;&lt;/span&gt;&lt;span class=&#34;line&#34;&gt;&lt;span class=&#34;cl&#34;&gt;{{&lt;span class=&#34;p&#34;&gt;&amp;lt;&lt;/span&gt; &lt;span class=&#34;p&#34;&gt;/&lt;/span&gt;&lt;span class=&#34;nt&#34;&gt;spoiler&lt;/span&gt; &lt;span class=&#34;p&#34;&gt;&amp;gt;&lt;/span&gt;}}
&lt;/span&gt;&lt;/span&gt;&lt;/code&gt;&lt;/pre&gt;&lt;/div&gt;&lt;p&gt;renders as&lt;/p&gt;
&lt;details class=&#34;spoiler &#34;  id=&#34;spoiler-2&#34;&gt;
  &lt;summary class=&#34;cursor-pointer&#34;&gt;👉 Click to view the solution&lt;/summary&gt;
  &lt;div class=&#34;rounded-lg bg-neutral-50 dark:bg-neutral-800 p-2&#34;&gt;
    You found me 🎉
  &lt;/div&gt;
&lt;/details&gt;
&lt;h2 id=&#34;math&#34;&gt;Math&lt;/h2&gt;
&lt;p&gt;Hugo Blox Builder supports a Markdown extension for $\LaTeX$ math. You can enable this feature by toggling the &lt;code&gt;math&lt;/code&gt; option in your &lt;code&gt;config/_default/params.yaml&lt;/code&gt; file.&lt;/p&gt;
&lt;p&gt;To render &lt;em&gt;inline&lt;/em&gt; or &lt;em&gt;block&lt;/em&gt; math, wrap your LaTeX math with &lt;code&gt;{{&amp;lt; math &amp;gt;}}$...${{&amp;lt; /math &amp;gt;}}&lt;/code&gt; or &lt;code&gt;{{&amp;lt; math &amp;gt;}}$$...$${{&amp;lt; /math &amp;gt;}}&lt;/code&gt;, respectively.&lt;/p&gt;
&lt;div class=&#34;flex px-4 py-3 mb-6 rounded-md bg-primary-100 dark:bg-primary-900&#34;&gt;
&lt;span class=&#34;pr-3 pt-1 text-primary-600 dark:text-primary-300&#34;&gt;
  &lt;svg height=&#34;24&#34; xmlns=&#34;http://www.w3.org/2000/svg&#34; viewBox=&#34;0 0 24 24&#34;&gt;&lt;path fill=&#34;none&#34; stroke=&#34;currentColor&#34; stroke-linecap=&#34;round&#34; stroke-linejoin=&#34;round&#34; stroke-width=&#34;1.5&#34; d=&#34;m11.25 11.25l.041-.02a.75.75 0 0 1 1.063.852l-.708 2.836a.75.75 0 0 0 1.063.853l.041-.021M21 12a9 9 0 1 1-18 0a9 9 0 0 1 18 0m-9-3.75h.008v.008H12z&#34;/&gt;&lt;/svg&gt;
&lt;/span&gt;
  &lt;span class=&#34;dark:text-neutral-300&#34;&gt;We wrap the LaTeX math in the Hugo Blox &lt;em&gt;math&lt;/em&gt; shortcode to prevent Hugo rendering our math as Markdown.&lt;/span&gt;
&lt;/div&gt;
&lt;p&gt;Example &lt;strong&gt;math block&lt;/strong&gt;:&lt;/p&gt;
&lt;div class=&#34;highlight&#34;&gt;&lt;pre tabindex=&#34;0&#34; class=&#34;chroma&#34;&gt;&lt;code class=&#34;language-latex&#34; data-lang=&#34;latex&#34;&gt;&lt;span class=&#34;line&#34;&gt;&lt;span class=&#34;cl&#34;&gt;&lt;span class=&#34;nb&#34;&gt;{{&lt;/span&gt;&amp;lt; math &amp;gt;&lt;span class=&#34;nb&#34;&gt;}}&lt;/span&gt;
&lt;/span&gt;&lt;/span&gt;&lt;span class=&#34;line&#34;&gt;&lt;span class=&#34;cl&#34;&gt;&lt;span class=&#34;sb&#34;&gt;$$&lt;/span&gt;&lt;span class=&#34;nb&#34;&gt;
&lt;/span&gt;&lt;/span&gt;&lt;/span&gt;&lt;span class=&#34;line&#34;&gt;&lt;span class=&#34;cl&#34;&gt;&lt;span class=&#34;nb&#34;&gt;&lt;/span&gt;&lt;span class=&#34;nv&#34;&gt;\gamma&lt;/span&gt;&lt;span class=&#34;nb&#34;&gt;_{n} &lt;/span&gt;&lt;span class=&#34;o&#34;&gt;=&lt;/span&gt;&lt;span class=&#34;nb&#34;&gt; &lt;/span&gt;&lt;span class=&#34;nv&#34;&gt;\frac&lt;/span&gt;&lt;span class=&#34;nb&#34;&gt;{ &lt;/span&gt;&lt;span class=&#34;nv&#34;&gt;\left&lt;/span&gt;&lt;span class=&#34;nb&#34;&gt; | &lt;/span&gt;&lt;span class=&#34;nv&#34;&gt;\left&lt;/span&gt;&lt;span class=&#34;nb&#34;&gt; &lt;/span&gt;&lt;span class=&#34;o&#34;&gt;(&lt;/span&gt;&lt;span class=&#34;nv&#34;&gt;\mathbf&lt;/span&gt;&lt;span class=&#34;nb&#34;&gt; x_{n} &lt;/span&gt;&lt;span class=&#34;o&#34;&gt;-&lt;/span&gt;&lt;span class=&#34;nb&#34;&gt; &lt;/span&gt;&lt;span class=&#34;nv&#34;&gt;\mathbf&lt;/span&gt;&lt;span class=&#34;nb&#34;&gt; x_{n&lt;/span&gt;&lt;span class=&#34;o&#34;&gt;-&lt;/span&gt;&lt;span class=&#34;m&#34;&gt;1&lt;/span&gt;&lt;span class=&#34;nb&#34;&gt;} &lt;/span&gt;&lt;span class=&#34;nv&#34;&gt;\right&lt;/span&gt;&lt;span class=&#34;nb&#34;&gt; &lt;/span&gt;&lt;span class=&#34;o&#34;&gt;)&lt;/span&gt;&lt;span class=&#34;nb&#34;&gt;^T &lt;/span&gt;&lt;span class=&#34;nv&#34;&gt;\left&lt;/span&gt;&lt;span class=&#34;nb&#34;&gt; &lt;/span&gt;&lt;span class=&#34;o&#34;&gt;[&lt;/span&gt;&lt;span class=&#34;nv&#34;&gt;\nabla&lt;/span&gt;&lt;span class=&#34;nb&#34;&gt; F &lt;/span&gt;&lt;span class=&#34;o&#34;&gt;(&lt;/span&gt;&lt;span class=&#34;nv&#34;&gt;\mathbf&lt;/span&gt;&lt;span class=&#34;nb&#34;&gt; x_{n}&lt;/span&gt;&lt;span class=&#34;o&#34;&gt;)&lt;/span&gt;&lt;span class=&#34;nb&#34;&gt; &lt;/span&gt;&lt;span class=&#34;o&#34;&gt;-&lt;/span&gt;&lt;span class=&#34;nb&#34;&gt; &lt;/span&gt;&lt;span class=&#34;nv&#34;&gt;\nabla&lt;/span&gt;&lt;span class=&#34;nb&#34;&gt; F &lt;/span&gt;&lt;span class=&#34;o&#34;&gt;(&lt;/span&gt;&lt;span class=&#34;nv&#34;&gt;\mathbf&lt;/span&gt;&lt;span class=&#34;nb&#34;&gt; x_{n&lt;/span&gt;&lt;span class=&#34;o&#34;&gt;-&lt;/span&gt;&lt;span class=&#34;m&#34;&gt;1&lt;/span&gt;&lt;span class=&#34;nb&#34;&gt;}&lt;/span&gt;&lt;span class=&#34;o&#34;&gt;)&lt;/span&gt;&lt;span class=&#34;nb&#34;&gt; &lt;/span&gt;&lt;span class=&#34;nv&#34;&gt;\right&lt;/span&gt;&lt;span class=&#34;nb&#34;&gt; &lt;/span&gt;&lt;span class=&#34;o&#34;&gt;]&lt;/span&gt;&lt;span class=&#34;nb&#34;&gt; &lt;/span&gt;&lt;span class=&#34;nv&#34;&gt;\right&lt;/span&gt;&lt;span class=&#34;nb&#34;&gt; |}{&lt;/span&gt;&lt;span class=&#34;nv&#34;&gt;\left&lt;/span&gt;&lt;span class=&#34;nb&#34;&gt; &lt;/span&gt;&lt;span class=&#34;nv&#34;&gt;\|\nabla&lt;/span&gt;&lt;span class=&#34;nb&#34;&gt; F&lt;/span&gt;&lt;span class=&#34;o&#34;&gt;(&lt;/span&gt;&lt;span class=&#34;nv&#34;&gt;\mathbf&lt;/span&gt;&lt;span class=&#34;nb&#34;&gt;{x}_{n}&lt;/span&gt;&lt;span class=&#34;o&#34;&gt;)&lt;/span&gt;&lt;span class=&#34;nb&#34;&gt; &lt;/span&gt;&lt;span class=&#34;o&#34;&gt;-&lt;/span&gt;&lt;span class=&#34;nb&#34;&gt; &lt;/span&gt;&lt;span class=&#34;nv&#34;&gt;\nabla&lt;/span&gt;&lt;span class=&#34;nb&#34;&gt; F&lt;/span&gt;&lt;span class=&#34;o&#34;&gt;(&lt;/span&gt;&lt;span class=&#34;nv&#34;&gt;\mathbf&lt;/span&gt;&lt;span class=&#34;nb&#34;&gt;{x}_{n&lt;/span&gt;&lt;span class=&#34;o&#34;&gt;-&lt;/span&gt;&lt;span class=&#34;m&#34;&gt;1&lt;/span&gt;&lt;span class=&#34;nb&#34;&gt;}&lt;/span&gt;&lt;span class=&#34;o&#34;&gt;)&lt;/span&gt;&lt;span class=&#34;nb&#34;&gt; &lt;/span&gt;&lt;span class=&#34;nv&#34;&gt;\right&lt;/span&gt;&lt;span class=&#34;nb&#34;&gt; &lt;/span&gt;&lt;span class=&#34;nv&#34;&gt;\|&lt;/span&gt;&lt;span class=&#34;nb&#34;&gt;^&lt;/span&gt;&lt;span class=&#34;m&#34;&gt;2&lt;/span&gt;&lt;span class=&#34;nb&#34;&gt;}
&lt;/span&gt;&lt;/span&gt;&lt;/span&gt;&lt;span class=&#34;line&#34;&gt;&lt;span class=&#34;cl&#34;&gt;&lt;span class=&#34;nb&#34;&gt;&lt;/span&gt;&lt;span class=&#34;s&#34;&gt;$$&lt;/span&gt;
&lt;/span&gt;&lt;/span&gt;&lt;span class=&#34;line&#34;&gt;&lt;span class=&#34;cl&#34;&gt;&lt;span class=&#34;nb&#34;&gt;{{&lt;/span&gt;&amp;lt; /math &amp;gt;&lt;span class=&#34;nb&#34;&gt;}}&lt;/span&gt;
&lt;/span&gt;&lt;/span&gt;&lt;/code&gt;&lt;/pre&gt;&lt;/div&gt;&lt;p&gt;renders as&lt;/p&gt;

$$\gamma_{n} = \frac{ \left | \left (\mathbf x_{n} - \mathbf x_{n-1} \right )^T \left [\nabla F (\mathbf x_{n}) - \nabla F (\mathbf x_{n-1}) \right ] \right |}{\left \|\nabla F(\mathbf{x}_{n}) - \nabla F(\mathbf{x}_{n-1}) \right \|^2}$$


&lt;p&gt;Example &lt;strong&gt;inline math&lt;/strong&gt; &lt;code&gt;{{&amp;lt; math &amp;gt;}}$\nabla F(\mathbf{x}_{n})${{&amp;lt; /math &amp;gt;}}&lt;/code&gt; renders as $\nabla F(\mathbf{x}_{n})$
.&lt;/p&gt;
&lt;p&gt;Example &lt;strong&gt;multi-line math&lt;/strong&gt; using the math linebreak (&lt;code&gt;\\&lt;/code&gt;):&lt;/p&gt;
&lt;div class=&#34;highlight&#34;&gt;&lt;pre tabindex=&#34;0&#34; class=&#34;chroma&#34;&gt;&lt;code class=&#34;language-latex&#34; data-lang=&#34;latex&#34;&gt;&lt;span class=&#34;line&#34;&gt;&lt;span class=&#34;cl&#34;&gt;&lt;span class=&#34;nb&#34;&gt;{{&lt;/span&gt;&amp;lt; math &amp;gt;&lt;span class=&#34;nb&#34;&gt;}}&lt;/span&gt;
&lt;/span&gt;&lt;/span&gt;&lt;span class=&#34;line&#34;&gt;&lt;span class=&#34;cl&#34;&gt;&lt;span class=&#34;sb&#34;&gt;$$&lt;/span&gt;&lt;span class=&#34;nb&#34;&gt;f&lt;/span&gt;&lt;span class=&#34;o&#34;&gt;(&lt;/span&gt;&lt;span class=&#34;nb&#34;&gt;k;p_{&lt;/span&gt;&lt;span class=&#34;m&#34;&gt;0&lt;/span&gt;&lt;span class=&#34;nb&#34;&gt;}^{&lt;/span&gt;&lt;span class=&#34;o&#34;&gt;*&lt;/span&gt;&lt;span class=&#34;nb&#34;&gt;}&lt;/span&gt;&lt;span class=&#34;o&#34;&gt;)&lt;/span&gt;&lt;span class=&#34;nb&#34;&gt; &lt;/span&gt;&lt;span class=&#34;o&#34;&gt;=&lt;/span&gt;&lt;span class=&#34;nb&#34;&gt; &lt;/span&gt;&lt;span class=&#34;nv&#34;&gt;\begin&lt;/span&gt;&lt;span class=&#34;nb&#34;&gt;{cases}p_{&lt;/span&gt;&lt;span class=&#34;m&#34;&gt;0&lt;/span&gt;&lt;span class=&#34;nb&#34;&gt;}^{&lt;/span&gt;&lt;span class=&#34;o&#34;&gt;*&lt;/span&gt;&lt;span class=&#34;nb&#34;&gt;} &amp;amp; &lt;/span&gt;&lt;span class=&#34;nv&#34;&gt;\text&lt;/span&gt;&lt;span class=&#34;nb&#34;&gt;{if }k&lt;/span&gt;&lt;span class=&#34;o&#34;&gt;=&lt;/span&gt;&lt;span class=&#34;m&#34;&gt;1&lt;/span&gt;&lt;span class=&#34;nb&#34;&gt;, &lt;/span&gt;&lt;span class=&#34;nv&#34;&gt;\\&lt;/span&gt;&lt;span class=&#34;nb&#34;&gt;
&lt;/span&gt;&lt;/span&gt;&lt;/span&gt;&lt;span class=&#34;line&#34;&gt;&lt;span class=&#34;cl&#34;&gt;&lt;span class=&#34;nb&#34;&gt;&lt;/span&gt;&lt;span class=&#34;m&#34;&gt;1&lt;/span&gt;&lt;span class=&#34;o&#34;&gt;-&lt;/span&gt;&lt;span class=&#34;nb&#34;&gt;p_{&lt;/span&gt;&lt;span class=&#34;m&#34;&gt;0&lt;/span&gt;&lt;span class=&#34;nb&#34;&gt;}^{&lt;/span&gt;&lt;span class=&#34;o&#34;&gt;*&lt;/span&gt;&lt;span class=&#34;nb&#34;&gt;} &amp;amp; &lt;/span&gt;&lt;span class=&#34;nv&#34;&gt;\text&lt;/span&gt;&lt;span class=&#34;nb&#34;&gt;{if }k&lt;/span&gt;&lt;span class=&#34;o&#34;&gt;=&lt;/span&gt;&lt;span class=&#34;m&#34;&gt;0&lt;/span&gt;&lt;span class=&#34;nb&#34;&gt;.&lt;/span&gt;&lt;span class=&#34;nv&#34;&gt;\end&lt;/span&gt;&lt;span class=&#34;nb&#34;&gt;{cases}&lt;/span&gt;&lt;span class=&#34;s&#34;&gt;$$&lt;/span&gt;
&lt;/span&gt;&lt;/span&gt;&lt;span class=&#34;line&#34;&gt;&lt;span class=&#34;cl&#34;&gt;&lt;span class=&#34;nb&#34;&gt;{{&lt;/span&gt;&amp;lt; /math &amp;gt;&lt;span class=&#34;nb&#34;&gt;}}&lt;/span&gt;
&lt;/span&gt;&lt;/span&gt;&lt;/code&gt;&lt;/pre&gt;&lt;/div&gt;&lt;p&gt;renders as&lt;/p&gt;


$$
f(k;p_{0}^{*}) = \begin{cases}p_{0}^{*} &amp; \text{if }k=1, \\
1-p_{0}^{*} &amp; \text{if }k=0.\end{cases}
$$



&lt;h2 id=&#34;code&#34;&gt;Code&lt;/h2&gt;
&lt;p&gt;Hugo Blox Builder utilises Hugo&amp;rsquo;s Markdown extension for highlighting code syntax. The code theme can be selected in the &lt;code&gt;config/_default/params.yaml&lt;/code&gt; file.&lt;/p&gt;
&lt;pre&gt;&lt;code&gt;```python
import pandas as pd
data = pd.read_csv(&amp;quot;data.csv&amp;quot;)
data.head()
```
&lt;/code&gt;&lt;/pre&gt;
&lt;p&gt;renders as&lt;/p&gt;
&lt;div class=&#34;highlight&#34;&gt;&lt;pre tabindex=&#34;0&#34; class=&#34;chroma&#34;&gt;&lt;code class=&#34;language-python&#34; data-lang=&#34;python&#34;&gt;&lt;span class=&#34;line&#34;&gt;&lt;span class=&#34;cl&#34;&gt;&lt;span class=&#34;kn&#34;&gt;import&lt;/span&gt; &lt;span class=&#34;nn&#34;&gt;pandas&lt;/span&gt; &lt;span class=&#34;k&#34;&gt;as&lt;/span&gt; &lt;span class=&#34;nn&#34;&gt;pd&lt;/span&gt;
&lt;/span&gt;&lt;/span&gt;&lt;span class=&#34;line&#34;&gt;&lt;span class=&#34;cl&#34;&gt;&lt;span class=&#34;n&#34;&gt;data&lt;/span&gt; &lt;span class=&#34;o&#34;&gt;=&lt;/span&gt; &lt;span class=&#34;n&#34;&gt;pd&lt;/span&gt;&lt;span class=&#34;o&#34;&gt;.&lt;/span&gt;&lt;span class=&#34;n&#34;&gt;read_csv&lt;/span&gt;&lt;span class=&#34;p&#34;&gt;(&lt;/span&gt;&lt;span class=&#34;s2&#34;&gt;&amp;#34;data.csv&amp;#34;&lt;/span&gt;&lt;span class=&#34;p&#34;&gt;)&lt;/span&gt;
&lt;/span&gt;&lt;/span&gt;&lt;span class=&#34;line&#34;&gt;&lt;span class=&#34;cl&#34;&gt;&lt;span class=&#34;n&#34;&gt;data&lt;/span&gt;&lt;span class=&#34;o&#34;&gt;.&lt;/span&gt;&lt;span class=&#34;n&#34;&gt;head&lt;/span&gt;&lt;span class=&#34;p&#34;&gt;()&lt;/span&gt;
&lt;/span&gt;&lt;/span&gt;&lt;/code&gt;&lt;/pre&gt;&lt;/div&gt;&lt;h2 id=&#34;inline-images&#34;&gt;Inline Images&lt;/h2&gt;
&lt;div class=&#34;highlight&#34;&gt;&lt;pre tabindex=&#34;0&#34; class=&#34;chroma&#34;&gt;&lt;code class=&#34;language-go&#34; data-lang=&#34;go&#34;&gt;&lt;span class=&#34;line&#34;&gt;&lt;span class=&#34;cl&#34;&gt;&lt;span class=&#34;p&#34;&gt;{{&amp;lt;&lt;/span&gt; &lt;span class=&#34;nx&#34;&gt;icon&lt;/span&gt; &lt;span class=&#34;nx&#34;&gt;name&lt;/span&gt;&lt;span class=&#34;p&#34;&gt;=&lt;/span&gt;&lt;span class=&#34;s&#34;&gt;&amp;#34;python&amp;#34;&lt;/span&gt; &lt;span class=&#34;p&#34;&gt;&amp;gt;}}&lt;/span&gt; &lt;span class=&#34;nx&#34;&gt;Python&lt;/span&gt;
&lt;/span&gt;&lt;/span&gt;&lt;/code&gt;&lt;/pre&gt;&lt;/div&gt;&lt;p&gt;renders as&lt;/p&gt;
&lt;p&gt;
  &lt;span class=&#34;inline-block  pr-1&#34;&gt;
    &lt;svg style=&#34;height: 1em; transform: translateY(0.1em);&#34; xmlns=&#34;http://www.w3.org/2000/svg&#34; height=&#34;1em&#34; viewBox=&#34;0 0 448 512&#34; fill=&#34;currentColor&#34;&gt;&lt;path d=&#34;M439.8 200.5c-7.7-30.9-22.3-54.2-53.4-54.2h-40.1v47.4c0 36.8-31.2 67.8-66.8 67.8H172.7c-29.2 0-53.4 25-53.4 54.3v101.8c0 29 25.2 46 53.4 54.3 33.8 9.9 66.3 11.7 106.8 0 26.9-7.8 53.4-23.5 53.4-54.3v-40.7H226.2v-13.6h160.2c31.1 0 42.6-21.7 53.4-54.2 11.2-33.5 10.7-65.7 0-108.6zM286.2 404c11.1 0 20.1 9.1 20.1 20.3 0 11.3-9 20.4-20.1 20.4-11 0-20.1-9.2-20.1-20.4.1-11.3 9.1-20.3 20.1-20.3zM167.8 248.1h106.8c29.7 0 53.4-24.5 53.4-54.3V91.9c0-29-24.4-50.7-53.4-55.6-35.8-5.9-74.7-5.6-106.8.1-45.2 8-53.4 24.7-53.4 55.6v40.7h106.9v13.6h-147c-31.1 0-58.3 18.7-66.8 54.2-9.8 40.7-10.2 66.1 0 108.6 7.6 31.6 25.7 54.2 56.8 54.2H101v-48.8c0-35.3 30.5-66.4 66.8-66.4zm-6.7-142.6c-11.1 0-20.1-9.1-20.1-20.3.1-11.3 9-20.4 20.1-20.4 11 0 20.1 9.2 20.1 20.4s-9 20.3-20.1 20.3z&#34;/&gt;&lt;/svg&gt;
  &lt;/span&gt; Python&lt;/p&gt;
&lt;h2 id=&#34;did-you-find-this-page-helpful-consider-sharing-it-&#34;&gt;Did you find this page helpful? Consider sharing it 🙌&lt;/h2&gt;
</description>
    </item>
    
  </channel>
</rss>
