<?xml version="1.0" encoding="utf-8" standalone="yes" ?>
<rss version="2.0" xmlns:atom="http://www.w3.org/2005/Atom">
  <channel>
    <title>Hugo Academic CV Theme</title>
    <link>http://localhost:1313/zh/</link>
      <atom:link href="http://localhost:1313/zh/index.xml" rel="self" type="application/rss+xml" />
    <description>Hugo Academic CV Theme</description>
    <generator>Hugo Blox Builder (https://hugoblox.com)</generator><language>zh-Hans</language>
    <image>
      <url>http://localhost:1313/media/icon_hu7729264130191091259.png</url>
      <title>Hugo Academic CV Theme</title>
      <link>http://localhost:1313/zh/</link>
    </image>
    
  </channel>
</rss>
