<?xml version="1.0" encoding="utf-8" standalone="yes" ?>
<rss version="2.0" xmlns:atom="http://www.w3.org/2005/Atom">
  <channel>
    <title>Projects | Hugo Academic CV Theme</title>
    <link>http://localhost:1313/project/</link>
      <atom:link href="http://localhost:1313/project/index.xml" rel="self" type="application/rss+xml" />
    <description>Projects</description>
    <generator>Hugo Blox Builder (https://hugoblox.com)</generator><language>en-us</language><lastBuildDate>Thu, 26 Oct 2023 00:00:00 +0000</lastBuildDate>
    <image>
      <url>http://localhost:1313/media/icon_hu7729264130191091259.png</url>
      <title>Projects</title>
      <link>http://localhost:1313/project/</link>
    </image>
    
    <item>
      <title>Pandas</title>
      <link>http://localhost:1313/project/pandas/</link>
      <pubDate>Thu, 26 Oct 2023 00:00:00 +0000</pubDate>
      <guid>http://localhost:1313/project/pandas/</guid>
      <description>&lt;p&gt;Flexible and powerful data analysis / manipulation library for Python, providing labeled data structures.&lt;/p&gt;</description>
    </item>
    
    <item>
      <title>PyTorch</title>
      <link>http://localhost:1313/project/pytorch/</link>
      <pubDate>Thu, 26 Oct 2023 00:00:00 +0000</pubDate>
      <guid>http://localhost:1313/project/pytorch/</guid>
      <description>&lt;p&gt;PyTorch is a Python package that provides tensor computation (like NumPy) with strong GPU acceleration.&lt;/p&gt;</description>
    </item>
    
    <item>
      <title>scikit-learn</title>
      <link>http://localhost:1313/project/scikit/</link>
      <pubDate>Thu, 26 Oct 2023 00:00:00 +0000</pubDate>
      <guid>http://localhost:1313/project/scikit/</guid>
      <description>&lt;p&gt;scikit-learn is a Python module for machine learning built on top of SciPy and is distributed under the 3-Clause BSD license.&lt;/p&gt;</description>
    </item>
    
  </channel>
</rss>
